,data,num_svms,c,acc,f1,time,precision,recall
0,non,1,10,0.7659687721788503,0.7360168146062378,178.07647371292114,0.8123159549313183,0.7659687721788503
